USE [MONEY_BOOK_API]
GO

-- ICON DATA

INSERT INTO [dbo].[Icons]([Name],[Code],[ImageUrl]) VALUES
		   (N'Ăn uống'
           ,'food'
           ,'AnUong.png')
GO

INSERT INTO [dbo].[Icons]([Name],[Code],[ImageUrl]) VALUES
		   (N'Bảo dưỡng xe'
           ,'car_maintainance'
           ,'BaoDuongXe.png')
GO

INSERT INTO [dbo].[Icons]([Name],[Code],[ImageUrl]) VALUES
		   (N'Bảo hiểm'
           ,'insurance'
           ,'BaoHiem.png')
GO

INSERT INTO [dbo].[Icons]([Name],[Code],[ImageUrl]) VALUES
		   (N'Các chi phí khác'
           ,'other_expense'
           ,'CacChiPhiKhac.png')
GO

INSERT INTO [dbo].[Icons]([Name],[Code],[ImageUrl]) VALUES
		   (N'Cho vay'
           ,'lend'
           ,'ChoVay.png')
GO

INSERT INTO [dbo].[Icons]([Name],[Code],[ImageUrl]) VALUES
		   (N'Đầu tư'
           ,'invest'
           ,'DauTu.png')
GO
		   
INSERT INTO [dbo].[Icons]([Name],[Code],[ImageUrl]) VALUES
		   (N'Di chuyển'
           ,'transport'
           ,'DiChuyen.png')
GO
		   
INSERT INTO [dbo].[Icons]([Name],[Code],[ImageUrl]) VALUES
		   (N'Dịch vụ gia đình'
           ,'house_service'
           ,'DichVuGiaDinh.png')
GO
		   
INSERT INTO [dbo].[Icons]([Name],[Code],[ImageUrl]) VALUES
		   (N'Dịch vụ trực tuyến'
           ,'online_service'
           ,'DichVuTrucTuyen.png')
GO
		   
INSERT INTO [dbo].[Icons]([Name],[Code],[ImageUrl]) VALUES
		   (N'Đi vay'
           ,'borrow'
           ,'DiVay.png')
GO
		   
INSERT INTO [dbo].[Icons]([Name],[Code],[ImageUrl]) VALUES
		   (N'Đồ dùng gia đình'
           ,'house_tool'
           ,'DoDungGiaDinh.png')
GO
		   
INSERT INTO [dbo].[Icons]([Name],[Code],[ImageUrl]) VALUES
		   (N'Đồ gia dụng'
           ,'house_furniture'
           ,'DoGiaDung.png')
GO
		   
INSERT INTO [dbo].[Icons]([Name],[Code],[ImageUrl]) VALUES
		   (N'Giáo dục'
           ,'education'
           ,'GiaoDuc.png')
GO
		   
INSERT INTO [dbo].[Icons]([Name],[Code],[ImageUrl]) VALUES
		   (N'Hoá đơn điện'
           ,'electricity_bill'
           ,'HoaDonDien.png')
GO
		   
INSERT INTO [dbo].[Icons]([Name],[Code],[ImageUrl]) VALUES
		   (N'Hoá đơn điện thoại'
           ,'phone_bill'
           ,'HoaDonDienThoai.png')
GO
		   
INSERT INTO [dbo].[Icons]([Name],[Code],[ImageUrl]) VALUES
		   (N'Hoá đơn Gas'
           ,'gas_bill'
           ,'HoaDonGas.png')
GO
		   
INSERT INTO [dbo].[Icons]([Name],[Code],[ImageUrl]) VALUES
		   (N'Hoá đơn Internet'
           ,'internet_bill'
           ,'HoaDonInternet.png')
GO
		   
INSERT INTO [dbo].[Icons]([Name],[Code],[ImageUrl]) VALUES
		   (N'Hoá đơn nước'
           ,'water_bill'
           ,'HoaDonNuoc.png')
GO
		   
INSERT INTO [dbo].[Icons]([Name],[Code],[ImageUrl]) VALUES
		   (N'Hoá đơn tiện ích khác'
           ,'other_bill'
           ,'HoaDonTienIchKhac.png')
GO
		   
INSERT INTO [dbo].[Icons]([Name],[Code],[ImageUrl]) VALUES
		   (N'Hoá đơn TV'
           ,'tv_bill'
           ,'HoaDonTV.png')
GO
		   
INSERT INTO [dbo].[Icons]([Name],[Code],[ImageUrl]) VALUES
		   (N'Khám sức khoẻ'
           ,'heath_check'
           ,'KhamSucKhoe.png')
GO
		   
INSERT INTO [dbo].[Icons]([Name],[Code],[ImageUrl]) VALUES
		   (N'Làm đẹp'
           ,'beauty'
           ,'LamDep.png')
GO
		   
INSERT INTO [dbo].[Icons]([Name],[Code],[ImageUrl]) VALUES
		   (N'Lương'
           ,'salary'
           ,'Luong.png')
GO
		   
INSERT INTO [dbo].[Icons]([Name],[Code],[ImageUrl]) VALUES
		   (N'Quà tặng - Quyên góp'
           ,'gift_charity'
           ,'QuaTang_QuyenGop.png')
GO
		   
INSERT INTO [dbo].[Icons]([Name],[Code],[ImageUrl]) VALUES
		   (N'Sửa - Trang trí nhà'
           ,'house_repair_decoration'
           ,'Sua_TrangTriNha.png')
GO
		   
INSERT INTO [dbo].[Icons]([Name],[Code],[ImageUrl]) VALUES
		   (N'Thể dục thể thao'
           ,'sport'
           ,'TheDucTheThao.png')
GO
		   
INSERT INTO [dbo].[Icons]([Name],[Code],[ImageUrl]) VALUES
		   (N'Thuê nhà'
           ,'house_rent'
           ,'ThueNha.png')
GO
		   
INSERT INTO [dbo].[Icons]([Name],[Code],[ImageUrl]) VALUES
		   (N'Thu nhập khác'
           ,'other_income'
           ,'ThuNhapKhac.png')
GO
		   
INSERT INTO [dbo].[Icons]([Name],[Code],[ImageUrl]) VALUES
		   (N'Thu nợ'
           ,'garnishment'
           ,'ThuNo.png')
GO
		   
INSERT INTO [dbo].[Icons]([Name],[Code],[ImageUrl]) VALUES
		   (N'Tiền chuyển đến'
           ,'money_transfer_in'
           ,'TienChuyenDen.png')
GO
		   
INSERT INTO [dbo].[Icons]([Name],[Code],[ImageUrl]) VALUES
		   (N'Tiền chuyển đi'
           ,'money_transfer_out'
           ,'TienChuyenDi.png')
GO
		   
INSERT INTO [dbo].[Icons]([Name],[Code],[ImageUrl]) VALUES
		   (N'Trả lãi'
           ,'interest_payment'
           ,'TraLai.png')
GO
		   
INSERT INTO [dbo].[Icons]([Name],[Code],[ImageUrl]) VALUES
		   (N'Trả nợ'
           ,'debt_payment'
           ,'TraNo.png')
GO
		   
INSERT INTO [dbo].[Icons]([Name],[Code],[ImageUrl]) VALUES
		   (N'Vật nuôi'
           ,'pet'
           ,'VatNuoi.png')
GO
		   
INSERT INTO [dbo].[Icons]([Name],[Code],[ImageUrl]) VALUES
		   (N'Vui chơi'
           ,'entertainment'
           ,'VuiChoi.png')
GO
		   
INSERT INTO [dbo].[Icons]([Name],[Code],[ImageUrl]) VALUES
		   (N'Ví cơ bản'
           ,'wallet'
           ,'TienMat.png')
GO

-- CURRENCY DATA 

INSERT INTO [dbo].[Currencies]([Name],[Code]) VALUES
		   (N'Việt Nam Đồng'
           ,'vnd')
GO

INSERT INTO [dbo].[Currencies]([Name],[Code]) VALUES
		   (N'United States Dollar'
           ,'usa_dollar')
GO

INSERT INTO [dbo].[Currencies]([Name],[Code]) VALUES
		   (N'Pound'
           ,'pound')
GO

INSERT INTO [dbo].[Currencies]([Name],[Code]) VALUES
		   (N'Euro'
           ,'euro')
GO

-- ACCOUNT DATA

INSERT INTO [dbo].Accounts(Username, Password, Name, Phone, Email, Birth) VALUES
		   ('admin','admin',N'Nguyễn Văn Hên','0359723726','hennv404@gmail.com','20020215')
GO

INSERT INTO [dbo].Accounts(Username, Password, Name, Phone, Email, Birth) VALUES
		   ('normal_user','normal_user',N'Thanh Ngân','000','nganthanh@gmail.com','20020220')
GO

-- WALLET DATA



-- TRANSACTION TYPE DATA

select * from Accounts

INSERT INTO [dbo].TransactionTypes([IconId],[AccountId],[Name],[IsExpense],[IsDefault],[Tag]) VALUES
		   (1,
			1,
			N'Ăn uống',
			1,
			1,
			N'Chi tiêu hàng tháng')
GO

INSERT INTO [dbo].TransactionTypes([IconId],[AccountId],[Name],[IsExpense],[IsDefault],[Tag]) VALUES
		   (2,
			1,
			N'Bảo dưỡng xe',
			1,
			1,
			N'Chi tiêu cần thiết')
GO

INSERT INTO [dbo].TransactionTypes([IconId],[AccountId],[Name],[IsExpense],[IsDefault],[Tag]) VALUES
		   (3,
			1,
			N'Bảo hiểm',
			1,
			1,
			N'Chi tiêu cần thiết')
GO
INSERT INTO [dbo].TransactionTypes([IconId],[AccountId],[Name],[IsExpense],[IsDefault],[Tag]) VALUES
		   (4,
			1,
			N'Các chi phí khác',
			1,
			1,
			N'Chi tiêu cần thiết')
GO
		   
INSERT INTO [dbo].TransactionTypes([IconId],[AccountId],[Name],[IsExpense],[IsDefault],[Tag]) VALUES
		   (5,
			1,
			N'Cho vay',
			1,
			1,
			N'Đầu tư, Cho Vay & Nợ')
GO
		   
INSERT INTO [dbo].TransactionTypes([IconId],[AccountId],[Name],[IsExpense],[IsDefault],[Tag]) VALUES
		   (6,
			1,
			N'Đầu tư',
			1,
			1,
			N'Đầu tư, Cho Vay & Nợ')
GO
		   
INSERT INTO [dbo].TransactionTypes([IconId],[AccountId],[Name],[IsExpense],[IsDefault],[Tag]) VALUES
		   (7,
			1,
			N'Di chuyển',
			1,
			1,
			N'Chi tiêu cần thiết')
GO
		   
INSERT INTO [dbo].TransactionTypes([IconId],[AccountId],[Name],[IsExpense],[IsDefault],[Tag]) VALUES
		   (8,
			1,
			N'Dịch vụ gia đình',
			1,
			1,
			N'Chi tiêu cần thiết')
GO
		   
INSERT INTO [dbo].TransactionTypes([IconId],[AccountId],[Name],[IsExpense],[IsDefault],[Tag]) VALUES
		   (9,
			1,
			N'Dịch vụ trực tuyến',
			1,
			1,
			N'Vui - Chơi')
GO
		   
INSERT INTO [dbo].TransactionTypes([IconId],[AccountId],[Name],[IsExpense],[IsDefault],[Tag]) VALUES
		   (10,
			1,
			N'Đi vay',
			0,
			1,
			N'Đầu tư, Cho Vay & Nợ')
GO
		   
INSERT INTO [dbo].TransactionTypes([IconId],[AccountId],[Name],[IsExpense],[IsDefault],[Tag]) VALUES
		   (11,
			1,
			N'Đồ dùng gia đình',
			1,
			1,
			N'Chi tiêu cần thiết')
GO
		   
INSERT INTO [dbo].TransactionTypes([IconId],[AccountId],[Name],[IsExpense],[IsDefault],[Tag]) VALUES
		   (12,
			1,
			N'Đồ gia dụng',
			1,
			1,
			N'Chi tiêu cần thiết')
GO
		   
INSERT INTO [dbo].TransactionTypes([IconId],[AccountId],[Name],[IsExpense],[IsDefault],[Tag]) VALUES
		   (13,
			1,
			N'Giáo dục',
			1,
			1,
			N'Chi tiêu cần thiết')
GO
		   
INSERT INTO [dbo].TransactionTypes([IconId],[AccountId],[Name],[IsExpense],[IsDefault],[Tag]) VALUES
		   (14,
			1,
			N'Hoá đơn điện',
			1,
			1,
			N'Chi tiêu hàng tháng')
GO
		   
INSERT INTO [dbo].TransactionTypes([IconId],[AccountId],[Name],[IsExpense],[IsDefault],[Tag]) VALUES
		   (15,
			1,
			N'Hoá đơn điện thoại',
			1,
			1,
			N'Chi tiêu hàng tháng')
GO
		   
INSERT INTO [dbo].TransactionTypes([IconId],[AccountId],[Name],[IsExpense],[IsDefault],[Tag]) VALUES
		   (16,
			1,
			N'Hoá đơn Gas',
			1,
			1,
			N'Chi tiêu hàng tháng')
GO
		   
INSERT INTO [dbo].TransactionTypes([IconId],[AccountId],[Name],[IsExpense],[IsDefault],[Tag]) VALUES
		   (17,
			1,
			N'Hoá đơn Internet',
			1,
			1,
			N'Chi tiêu hàng tháng')
GO
		   
INSERT INTO [dbo].TransactionTypes([IconId],[AccountId],[Name],[IsExpense],[IsDefault],[Tag]) VALUES
		   (18,
			1,
			N'Hoá đơn nước',
			1,
			1,
			N'Chi tiêu hàng tháng')
GO
		   
INSERT INTO [dbo].TransactionTypes([IconId],[AccountId],[Name],[IsExpense],[IsDefault],[Tag]) VALUES
		   (19,
			1,
			N'Hoá đơn tiện ích khác',
			1,
			1,
			N'Chi tiêu hàng tháng')
GO
		   
INSERT INTO [dbo].TransactionTypes([IconId],[AccountId],[Name],[IsExpense],[IsDefault],[Tag]) VALUES
		   (20,
			1,
			N'Hoá đơn TV',
			1,
			1,
			N'Chi tiêu hàng tháng')
GO
		   
INSERT INTO [dbo].TransactionTypes([IconId],[AccountId],[Name],[IsExpense],[IsDefault],[Tag]) VALUES
		   (21,
			1,
			N'Khám sức khoẻ',
			1,
			1,
			N'Chi tiêu cần thiết')
GO
		   
INSERT INTO [dbo].TransactionTypes([IconId],[AccountId],[Name],[IsExpense],[IsDefault],[Tag]) VALUES
		   (22,
			1,
			N'Làm đẹp',
			1,
			1,
			N'Vui - Chơi')
GO
		   
INSERT INTO [dbo].TransactionTypes([IconId],[AccountId],[Name],[IsExpense],[IsDefault],[Tag]) VALUES
		   (23,
			1,
			N'Lương',
			0,
			1,
			N'Khoản thu')
GO
		   
INSERT INTO [dbo].TransactionTypes([IconId],[AccountId],[Name],[IsExpense],[IsDefault],[Tag]) VALUES
		   (24,
			1,
			N'Quà tặng - Quyên góp',
			1,
			1,
			N'Vui - Chơi')
GO
		   
INSERT INTO [dbo].TransactionTypes([IconId],[AccountId],[Name],[IsExpense],[IsDefault],[Tag]) VALUES
		   (25,
			1,
			N'Sửa - Trang trí nhà',
			1,
			1,
			N'Chi tiêu cần thiết')
GO
		   
INSERT INTO [dbo].TransactionTypes([IconId],[AccountId],[Name],[IsExpense],[IsDefault],[Tag]) VALUES
		   (26,
			1,
			N'Thể dục thể thao',
			1,
			1,
			N'Vui - Chơi')
GO
		   
INSERT INTO [dbo].TransactionTypes([IconId],[AccountId],[Name],[IsExpense],[IsDefault],[Tag]) VALUES
		   (27,
			1,
			N'Thuê nhà',
			1,
			1,
			N'Chi tiêu hàng tháng')
GO
		   
INSERT INTO [dbo].TransactionTypes([IconId],[AccountId],[Name],[IsExpense],[IsDefault],[Tag]) VALUES
		   (28,
			1,
			N'Thu nhập khác',
			0,
			1,
			N'Khoản thu')
GO
		   
INSERT INTO [dbo].TransactionTypes([IconId],[AccountId],[Name],[IsExpense],[IsDefault],[Tag]) VALUES
		   (29,
			1,
			N'Đầu tư, Cho Vay & Nợ',
			0,
			1,
			N'Chi tiêu cần thiết')
GO
		   
INSERT INTO [dbo].TransactionTypes([IconId],[AccountId],[Name],[IsExpense],[IsDefault],[Tag]) VALUES
		   (30,
			1,
			N'Tiền chuyển đến',
			0,
			1,
			N'Khác')
GO
		   
INSERT INTO [dbo].TransactionTypes([IconId],[AccountId],[Name],[IsExpense],[IsDefault],[Tag]) VALUES
		   (31,
			1,
			N'Tiền chuyển đi',
			1,
			1,
			N'Khác')
GO
		   
INSERT INTO [dbo].TransactionTypes([IconId],[AccountId],[Name],[IsExpense],[IsDefault],[Tag]) VALUES
		   (32,
			1,
			N'Đầu tư, Cho Vay & Nợ',
			1,
			1,
			N'Chi tiêu cần thiết')
GO
		   
INSERT INTO [dbo].TransactionTypes([IconId],[AccountId],[Name],[IsExpense],[IsDefault],[Tag]) VALUES
		   (33,
			1,
			N'Đầu tư, Cho Vay & Nợ',
			1,
			1,
			N'Chi tiêu cần thiết')
GO
		   
INSERT INTO [dbo].TransactionTypes([IconId],[AccountId],[Name],[IsExpense],[IsDefault],[Tag]) VALUES
		   (34,
			1,
			N'Vật nuôi',
			1,
			1,
			N'Chi tiêu cần thiết')
GO
		   
INSERT INTO [dbo].TransactionTypes([IconId],[AccountId],[Name],[IsExpense],[IsDefault],[Tag]) VALUES
		   (35,
			1,
			N'Vui chơi',
			1,
			1,
			N'Vui - Chơi')
GO

